Filenames,Unnamed: 0,ox,oy,oz,ux,uy,uz,vx,vy,vz,ap,valid,channel
641_2002_2567_NM01_s104_10x_A,17.857142857142858,476.87667408170137,221.50854011935255,344.1582216937806,-487.9987800971393,3.6528541048649914,6.399075382488478,-5.085949140685601,8.486308847308374,-390.96696912603494,299.42187840456074,yes,?
641_2002_2568_NM01_s004_10x_A,30.0,490.46896357304985,441.27116362319686,336.3206419805859,-506.08388575286233,2.115869144193627,-7.153521338348049,5.490050833011604,6.734798504405775,-389.6893016438116,81.30350255250345,yes,?
641_2002_2568_NM01_s014_10x_A,29.285714285714285,477.41049012156316,420.21753917538234,338.4380587620027,-511.18660718345075,-1.0714617513405331,-4.81168533281266,3.32076072973292,6.490465984498058,-369.1923898792576,104.07295870803884,yes,?
641_2002_2568_NM01_s024_10x_A,28.571428571428573,481.82532840568746,402.79191073226195,324.7430373127378,-514.2365481975219,-4.1282864467730525,-0.8084783876165275,0.5538291203538351,6.899374489426322,-372.07525561743904,122.82254524641137,yes,?
641_2002_2568_NM01_s034_10x_A,27.857142857142858,483.28459451809914,379.70975844784783,334.992719537671,-499.17235693985054,-0.12128877974718678,-1.4559111356037238,1.0452783929402814,7.451114609587187,-389.874725265916,143.62532863723217,yes,?
641_2002_2568_NM01_s039_10x_A,27.142857142857142,490.87489299381224,365.1475667007007,330.963469699977,-504.9146163873794,0.6574870476470885,2.2975111606486727,-1.8153279002721534,8.425099857932619,-384.96381487642736,157.31113984650943,yes,?
641_2002_2568_NM01_s044_10x_A,26.428571428571427,472.006115703026,351.7082189389827,338.40099632994855,-488.7689767039309,1.2036377162105623,8.340814719317233,-6.530590485677771,9.227806133823846,-376.87531357732485,170.076059136,yes,?
641_2002_2568_NM01_s049_10x_A,25.714285714285715,488.66360483041836,338.88187967678897,334.9137225350945,-496.1842189678872,2.030318294877861,9.427185795831653,-7.399414284388429,11.701808532389235,-384.35789386936756,181.25205690957753,yes,?
641_2002_2568_NM01_s054_10x_A,25.0,471.3295548854197,327.1296505422556,320.1303351814774,-491.9731518228267,1.0327143012466966,-0.30802218683792226,0.31951731678748185,13.711627336875734,-376.9673369062658,192.49817863868319,yes,?
641_2002_2568_NM01_s059_10x_A,24.285714285714285,485.05992961755453,320.44601276789825,318.7478807564802,-506.30992503997413,0.6287520892260936,-1.44088438442032,1.1677686385189159,7.55927292784604,-390.0997832155384,202.45997472356567,yes,?
641_2002_2568_NM01_s064_10x_A,23.571428571428573,494.25532761342384,310.2456819509733,347.4226646775117,-496.81896801249684,1.8841272447321329,9.911255277530943,-7.553136642976113,6.710343257297008,-385.38796566089815,212.4570827980122,yes,?
641_2002_2568_NM01_s069_10x_A,22.857142857142858,470.30704162096487,298.7529204795084,355.4276400157831,-479.5444018298282,2.7764951402125484,-0.0716213756891896,0.2031069949823139,5.877158797501673,-393.29893968722723,223.92025255163443,yes,?
641_2002_2568_NM01_s074_10x_A,22.142857142857142,482.7276304365517,288.72182146501,325.9557691993617,-481.63460459292673,3.518429584699938,5.0224359299591,-3.863703719860091,3.867919256504504,-381.7434654102603,234.58500411438777,yes,?
641_2002_2568_NM01_s079_10x_A,21.428571428571427,479.3846493525062,282.5373238861119,329.99220130101367,-495.73982115038405,-0.3008628653989212,-2.052338017126289,1.6195326586454883,3.2734758632405194,-385.6621199376613,242.97636961496733,yes,?
641_2002_2568_NM01_s084_10x_A,20.714285714285715,480.75127451160955,270.27909640507147,336.8741659897995,-498.5555277427597,2.186124185635034,3.2037357176737076,-2.395008601559205,0.7710624220167911,-391.2369447351121,255.2423102911026,yes,?
641_2002_2568_NM01_s089_10x_A,20.0,480.96584800927127,256.8904599502468,338.514793794583,-482.8565114179801,5.149420000566893,3.203529540611272,-2.3743473053115474,-0.11021191811097505,-393.247715100931,267.5899360085253,yes,?
641_2002_2568_NM01_s094_10x_A,19.142857142857142,476.77947161537224,248.16862835855522,340.5625675118088,-481.4688224524471,4.048644093932978,-2.1636401393199978,2.085421946441818,-1.5944203625349473,-379.1284555436417,277.6042597757458,yes,?
641_2002_2568_NM01_s099_10x_A,18.714285714285715,475.89119491415744,232.36157220944125,347.83406703826086,-491.5975890338224,5.352185104148544,-18.809873838966695,15.23377025150513,10.880681467525667,-392.47658286400036,286.52199450472165,yes,?
641_2002_2568_NM01_s109_10x_A,17.142857142857142,481.5259737326276,212.30914486794725,340.1121637174471,-502.1968259652153,5.65871730230942,8.636671253713626,-6.48509501615416,8.618974583264915,-391.20236232536456,307.55200918926556,yes,?
641_2002_2568_NM01_s114_10x_A,16.428571428571427,491.3836681676038,202.06010539800667,341.9778566122976,-502.1700277127129,2.9090554574567844,6.233425837473711,-4.837814657954331,7.648607229248123,-393.1127868862858,319.66106325864087,yes,?
641_2002_2568_NM01_s119_10x_A,15.714285714285714,477.5519926497449,191.14736501546773,346.26771283206693,-508.4038189008049,5.4714983244087225,-6.857365094934475,5.362475274658239,6.921797949328222,-388.3133944339367,329.6559868476638,yes,?
641_2002_2568_NM01_s124_10x_A,15.0,480.1981005178156,178.72001436209925,343.1090704516688,-489.9244163540716,6.7162916250960105,7.692325929565426,-5.5031955378809085,6.755084314672948,-368.3163402765052,341.5442976680162,yes,?
641_2002_2568_NM01_s129_10x_A,14.285714285714286,486.7342513807269,169.56883941161695,340.37803460690293,-498.14261173535635,3.9920102076155244,0.8786824212468977,-0.6597466115816112,6.44002216622347,-373.6182601150372,352.21514440146353,yes,?
641_2002_2568_NM01_s134_10x_A,13.571428571428571,483.75834339383556,161.4380608257448,334.0026498971187,-499.9657559130538,-2.5914799986298114,13.971796123216743,-10.44136427318412,5.277590553183752,-374.78949026515704,364.21888389697824,yes,?
641_2002_2568_NM01_s139_10x_A,12.857142857142858,485.0656892892438,147.60333952713208,342.13886029591555,-501.25032016814174,-0.691027997846999,3.7970452627718423,-2.890148505223196,10.797808727424066,-376.052349375667,374.34327010807937,yes,?
641_2002_2568_NM01_s144_10x_A,12.142857142857142,497.05574286362383,136.68520279436282,356.6468456233498,-508.52631511406065,0.473159055943265,-1.5262750002308796,1.345718873210794,9.852977967915367,-385.24624361448605,385.15172869370787,yes,?
641_2002_2568_NM01_s154_10x_A,11.428571428571429,478.67458241609404,116.95896932903425,347.5418330658725,-505.2647690210368,0.18700572984201205,7.658110667093458,-6.032073504974901,8.39473677095802,-404.39786942804443,405.7501594205658,yes,?
641_2002_2568_NM01_s159_10x_A,10.714285714285714,483.0491973223248,106.96973487776859,353.15908262822774,-506.8146073953802,-0.2288276706148023,6.598846374910896,-5.121916220449635,7.551654645499324,-391.6095177864585,416.36885163478917,yes,?
641_2002_2568_NM01_s164_10x_A,10.0,471.7542918937894,97.91218356314099,337.7851844715013,-502.7169353137384,-0.7586551343210672,3.393817787772613,-2.732422217349577,6.997014073477587,-391.5777119220652,425.96863696728076,yes,?
641_2002_2568_NM01_s169_10x_A,9.285714285714286,475.8349275932561,87.106492298274,343.77372354889616,-505.88868705312495,-0.07677718908134944,4.091131949748361,-3.102330377071003,7.869294152758443,-391.28885876647763,435.99724921988746,yes,?
641_2002_2568_NM01_s174_10x_A,8.571428571428571,469.06560151757265,74.56782891767996,352.71475748842346,-496.60371068039757,0.39699314334794583,3.259273068692493,-2.476436096824397,8.594575997630724,-392.662721384857,447.93638651183073,yes,?
641_2002_2568_NM01_s179_10x_A,7.857142857142857,483.68576368215673,62.1477124226163,350.6112007610441,-499.88548458658096,0.8302722845660746,11.8544912307154,-9.520594292853717,7.718497929590085,-399.5453861980396,460.5779024703056,yes,?
641_2002_2568_NM01_s184_10x_A,7.142857142857143,484.1253860288412,51.11720577613365,348.00116383604626,-503.14303240330594,-0.01032126933680517,10.17694535994055,-8.103479713560363,7.733751134793586,-396.2168749517221,472.02107929113794,yes,?
641_2002_2568_NM01_s189_10x_A,6.285714285714286,489.6395837393522,39.36832607361349,346.7319058112934,-503.4272429294953,1.4368987721475561,10.349746815470384,-8.16723490452063,7.682904692825277,-399.79552856988045,483.0717721939001,yes,?
641_2002_2568_NM01_s194_10x_A,5.857142857142857,487.5302355900168,29.69879249193727,344.02317416848047,-505.9072452211115,0.886583856763132,6.168190181889168,-4.888367061143824,7.772018144486144,-395.64086751501753,492.9719065074381,yes,?
641_2002_2568_NM01_s199_10x_A,5.0,472.7516505629846,19.212371808869936,339.5675089111333,-495.6309547039694,1.4797725313842314,6.430284277294206,-5.091760390240677,7.879404298366363,-401.3697079228402,503.10803977625477,yes,?
1261_PcP2_tTA_lacZ_Xgal_NR_s001,28.0,330.3545269583604,473.4452817654755,233.5288275278736,-205.11274961333785,7.949453042990593,0.7698484385275199,-0.9214952937677968,-14.631210648883195,-191.5874267689723,56.89559703747083,yes,?
1261_PcP2_tTA_lacZ_Xgal_NR_s004,28.142857142857142,328.0237822966058,469.9711321745857,234.49554685291537,-204.3619181606271,7.770925226272432,3.248347287998286,-3.119720053759628,-14.573723461968687,-185.74744500220004,60.43026694326243,yes,?
1261_PcP2_tTA_lacZ_Xgal_NR_s007,28.142857142857142,327.58364474708685,462.6733130234226,231.96734337363,-195.75448605450197,8.343779533201785,4.466766278295479,-4.563159878921065,-14.752862601218876,-177.23455483532348,67.53122851058589,yes,?
1261_PcP2_tTA_lacZ_Xgal_NR_s010,27.428571428571427,343.1911048687585,439.8529716511779,250.30716494960657,-216.19563905765492,11.83323055664737,10.873839748467585,-10.938702025358143,-12.456216339093308,-209.25059462589812,87.45852124004513,yes,?
1261_PcP2_tTA_lacZ_Xgal_NR_s013,26.857142857142858,354.77862395238486,423.0254657243408,265.276096676201,-260.14960767963373,13.543083267085251,5.9205656730476095,-5.796898986189133,-14.470491235039471,-222.90087870230104,104.43823825963634,yes,?
1261_PcP2_tTA_lacZ_Xgal_NR_s016,26.428571428571427,367.0328276550008,413.49890393176366,282.4700038417094,-277.86615995715863,14.630605391304796,-6.2789991731081205,4.97684183052769,-12.580596455397622,-247.5779424460783,112.47609160028276,yes,?
1261_PcP2_tTA_lacZ_Xgal_NR_s025,26.0,382.67387664062,391.3752428486458,292.71404467151666,-313.47641938330446,16.91334955380133,-23.16350405224623,18.81326816351799,-18.2832099124538,-262.48274643109835,136.3096873306804,yes,?
1261_PcP2_tTA_lacZ_Xgal_NR_s028,25.571428571428573,388.3527358715958,374.25894888390224,292.5650055754514,-332.5556018051765,17.548744606479918,-4.911572512912675,3.1494474667281502,-14.571837486321396,-267.5020450000242,151.25259755601851,yes,?
1261_PcP2_tTA_lacZ_Xgal_NR_s031,25.142857142857142,404.6599150575042,361.42556177770246,291.34773024813666,-364.5459224912186,17.354290134935347,5.63363180495732,-4.762946696883587,-16.387915250747408,-284.9597205903669,165.0912507802036,yes,?
1261_PcP2_tTA_lacZ_Xgal_NR_s034,24.428571428571427,414.6683060524539,353.9087889047911,294.6858203379182,-360.3506398102735,17.926411773419286,12.172764565140588,-10.2784720476853,-11.019272812729444,-290.85617569730505,169.63764161486395,yes,?
1261_PcP2_tTA_lacZ_Xgal_NR_s037,24.285714285714285,414.2122212392707,347.26788229796864,287.47723005402946,-366.8174969629005,17.474808349507807,10.836837499163964,-9.061349826932267,-12.953712672446597,-283.4538835664759,177.47156986350075,yes,?
1261_PcP2_tTA_lacZ_Xgal_NR_s040,24.0,415.7122008324836,340.58920265694,290.99825877707383,-378.58546556212826,21.21730173851398,11.725275342895413,-9.517878165559491,-14.203016665753823,-292.02540615241816,182.9036548066799,yes,?
1261_PcP2_tTA_lacZ_Xgal_NR_s043,22.857142857142858,433.7262792702045,330.3343845888409,310.3662172148228,-404.95983330137744,21.91414006315684,2.020627156385412,-2.0225658229857117,-15.703486307332623,-314.92280085496867,193.56028853324693,yes,?
1261_PcP2_tTA_lacZ_Xgal_NR_s046,22.428571428571427,427.49573819092467,324.298343517467,315.3847060488134,-401.60769841469545,12.428437333225547,6.212495107551084,-4.064402682130484,-15.156564587301878,-315.9762205023203,204.06572010957115,yes,?
1261_PcP2_tTA_lacZ_Xgal_NR_s049,23.0,438.9634502745083,317.4496523582075,295.8161578967002,-410.1360562133506,14.19709974624956,20.36369004735736,-16.198151658877407,-14.02304683709173,-310.76598876202917,209.46332118721358,yes,?
1261_PcP2_tTA_lacZ_Xgal_NR_s052,22.714285714285715,436.71009847188105,308.3461863970093,303.27097123621223,-402.8736777267733,11.279693501974075,20.1508464840572,-15.911182977794283,-14.017432378591455,-316.9014258819551,220.02268304129933,yes,?
1261_PcP2_tTA_lacZ_Xgal_NR_s055,22.0,447.0627640188644,303.9043959933556,303.18293160284617,-426.6792903585714,6.606002995324559,20.36411898310984,-14.063008838859787,-17.523601659488182,-316.94221112854666,228.55440333872622,yes,?
1261_PcP2_tTA_lacZ_Xgal_NR_s098,21.285714285714285,446.5922088653791,228.48330852089543,339.63640624301337,-448.00273419696526,16.015857494485335,-6.698825691245604,4.737247093005473,-15.717074381677573,-326.37483704629125,298.3672999227006,yes,?
1261_PcP2_tTA_lacZ_Xgal_NR_s101,20.857142857142858,436.6054452940777,216.08423584619436,340.74193631153815,-435.15289995079917,15.295672887228765,-17.43156761759636,11.846208111723067,-20.162617885412345,-303.28306295427825,313.34923665289745,yes,?
1261_PcP2_tTA_lacZ_Xgal_NR_s104,20.428571428571427,453.92231931782436,192.08079443626255,335.18558697486816,-440.30310895117293,16.64038870582477,19.97588016476226,-15.33501324928996,-21.37558585170275,-317.63509741700693,337.28680413667644,yes,?
1261_PcP2_tTA_lacZ_Xgal_NR_s107,20.0,446.5405239301812,176.9822007353527,330.4901471800932,-431.8293439167123,16.4169026822791,12.53973382887859,-9.128930941396836,-20.519943894340383,-308.32794049094394,352.069319870678,yes,?
1261_PcP2_tTA_lacZ_Xgal_NR_s110,19.428571428571427,441.293707131102,167.77710492525597,324.08419044303804,-426.80440678075036,17.31899273932715,9.58085239471176,-7.1669435114886495,-20.811674516496947,-303.45055926773693,360.96923596332897,yes,?
1261_PcP2_tTA_lacZ_Xgal_NR_s113,19.142857142857142,423.1133487625474,161.50780712936964,351.0985704203698,-426.6820063803315,12.952612018494184,-30.87829261909041,22.7057549871734,-31.084813762585192,-330.9730534143568,374.55829374267586,yes,?
1261_PcP2_tTA_lacZ_Xgal_NR_s116,18.857142857142858,423.6973579954204,155.13772123377186,339.1002572440564,-404.24468145417984,15.232278210244544,1.9691496494869427,-2.8493781980775856,-30.241895734197715,-329.3777553039105,379.3670875282047,yes,?
1261_PcP2_tTA_lacZ_Xgal_NR_s128,17.857142857142858,434.66134192317935,122.12267305533723,301.81288807261865,-388.77808763826846,15.556061354017857,25.642980070786166,-22.315497788584214,-27.822631386478378,-322.58565939999755,411.0106119608931,yes,?
1261_PcP2_tTA_lacZ_Xgal_NR_s131,17.571428571428573,417.0852439820706,115.52134147043184,303.97792312663677,-389.1264721471618,14.091403484977352,-15.805773094852896,11.40927178871714,-27.52675192097527,-298.657391227388,418.19633274756717,yes,?
1261_PcP2_tTA_lacZ_Xgal_NR_s134,17.714285714285715,409.83737456507504,111.28567932324445,305.72235144671095,-391.4277835966526,13.128372677567153,-26.011729302655908,19.261117843815505,-26.649923130366165,-295.8742855693314,422.475095903155,yes,?
1261_PcP2_tTA_lacZ_Xgal_NR_s137,17.285714285714285,420.4562823685791,106.08184206449081,295.1129229258554,-388.5202658755658,8.323149167615538,13.34237116310406,-10.83481679349198,-23.627262837238586,-304.6481639966045,428.5702147703208,yes,?
1261_PcP2_tTA_lacZ_Xgal_NR_s140,16.714285714285715,422.5953561974388,96.68009293030279,294.85945158127015,-385.95832766283536,10.009863673519044,4.615400505018475,-3.926397968335761,-22.916730786992268,-295.1696049597016,436.7733406264338,yes,?
1261_PcP2_tTA_lacZ_Xgal_NR_s143,16.142857142857142,416.7885331115219,82.62659179810188,280.70393986532446,-371.5269037633163,12.981260697706846,-4.634485306865478,3.167815721329102,-22.466078457651232,-290.98988264557494,449.1158170818703,yes,?
1261_PcP2_tTA_lacZ_Xgal_NR_s146,15.714285714285714,406.6920320651899,72.38070288121334,291.6495004672678,-357.7495982716096,12.521356947139424,-7.189846692293429,5.369848722327772,-19.49840047289694,-282.67400286055323,458.1078188816654,yes,?
1261_PcP2_tTA_lacZ_Xgal_NR_s149,15.285714285714286,407.19617090180316,65.48103045895986,302.7011357025005,-361.75574479959784,14.281514292363601,-11.374447386910658,9.321969409397118,-22.49550886680901,-300.7043222657552,465.62596682826285,yes,?
1261_PcP2_tTA_lacZ_Xgal_NR_s152,14.857142857142858,418.23217842820196,56.61939427501448,267.4107662513392,-358.2001145742535,15.004950863853136,37.40818842575198,-30.928833902087792,-21.605540665201072,-293.29053641305444,473.6809006256595,yes,?
1261_PcP2_tTA_lacZ_Xgal_NR_s155,14.428571428571429,403.28260650625464,48.39728553391618,275.3716925246607,-350.19588746315634,14.289932475021008,13.169302985536433,-11.9805259720474,-25.230269363680616,-306.2960630869663,484.0728829104136,yes,?
1261_PcP2_tTA_lacZ_Xgal_NR_s158,14.0,402.7964505731813,42.81884128827489,275.289636580639,-355.9099060214776,14.605543785759517,13.949517761990466,-11.332933736345256,-26.778626712156292,-296.6119915511998,490.2677001749235,yes,?
1261_PcP2_tTA_lacZ_Xgal_NR_s161,13.571428571428571,397.5209173430546,30.61731167413086,280.20002182830723,-352.70203749187397,14.718061726287399,16.01142094637214,-14.33640076817036,-24.95755214188548,-303.9551521212143,501.5024335336681,yes,?
1261_PcP2_tTA_lacZ_Xgal_NR_s164,13.0,388.041013310317,21.462158244075635,280.030806497544,-326.5290716403198,13.336497630079242,6.92193066904574,-7.240818548860382,-22.320760421680664,-311.0167707497474,510.02997315172513,yes,?
1261_PcP2_tTA_lacZ_Xgal_NR_s167,12.857142857142858,376.71422509309554,15.82363190226398,279.6471790970981,-316.811971332816,12.977668556991892,7.157103544933116,-6.509004425136246,-20.55276473671858,-302.6216164866092,514.9639161875994,yes,?
1261_PcP2_tTA_lacZ_Xgal_NR_s170,12.285714285714286,370.1966526862764,9.093058287712337,292.9887740834438,-308.91210895648885,12.814322148186127,1.949952118558088,-3.0640871158494094,-18.125546387065498,-332.62467433995323,520.5625538317273,yes,?
CamKII_317_8_tTA_lacZ_Xgal_s123,32.857142857142854,336.6534450109816,451.036258078808,225.90853205398076,-225.49068340522007,11.688846068126095,5.104652445132847,-2.960796680124434,7.963079856422065,-162.71314336479168,66.13777895891793,yes,?
CamKII_317_8_tTA_lacZ_Xgal_s134,32.42857142857143,355.4096132957328,435.7210810955151,237.69062056977432,-247.7817886141232,10.721200030556401,3.104371454044992,-1.4644043703470564,6.155509367780594,-177.67048536450758,82.84056420531644,yes,?
CamKII_317_8_tTA_lacZ_Xgal_s143,31.714285714285715,341.549209957973,420.28069919095,248.50025804377597,-227.17321682632277,11.817766996573889,4.490446213235539,-3.153425145995836,11.646872180378628,-188.9931728821165,94.98698122057378,yes,?
CamKII_317_8_tTA_lacZ_Xgal_s146,31.857142857142858,349.1446014307924,416.42487493688907,248.29478988052512,-232.81422210963166,11.065185720127497,5.436956633383273,-4.039633204848558,9.907957397554128,-187.11508725653007,100.0885535042701,yes,?
CamKII_317_8_tTA_lacZ_Xgal_s158,31.142857142857142,365.193360619443,398.5667656090832,256.4526597083969,-260.60599079182396,12.814586540307614,10.231438099369237,-7.442043419993955,13.524733616247415,-204.59816661725407,115.2635743126393,yes,?
CamKII_317_8_tTA_lacZ_Xgal_s170,30.428571428571427,379.52088492877596,381.01111836403135,261.98288628263816,-286.51566110999255,14.715526340117938,17.857296923601098,-12.581641317436151,18.051993929253335,-222.2723205079325,129.60512150128304,yes,?
CamKII_317_8_tTA_lacZ_Xgal_s181,30.428571428571427,379.285654020904,371.35036027978265,274.5071640312619,-297.3122322467166,14.589724889578415,4.012139831896255,-2.49854985406217,11.430001228312571,-241.8165140197689,142.6397766612719,yes,?
CamKII_317_8_tTA_lacZ_Xgal_s184,30.0,388.92462129159173,364.9334687227078,271.91802779915554,-305.4427691360184,15.67666187655441,6.048188533320887,-3.9276731732895036,13.18399231959322,-241.345340090938,147.63620417921842,yes,?
CamKII_317_8_tTA_lacZ_Xgal_s194,29.428571428571427,397.68840982605803,354.94599729768873,275.0285661431886,-319.56137770567665,17.00039304579175,14.632971258009945,-10.544958319668874,9.851774341062619,-255.4914986691352,158.6279190088841,yes,?
CamKII_317_8_tTA_lacZ_Xgal_s197,28.857142857142858,395.22069650023224,353.369858945716,286.10840999605637,-328.9288330869112,19.47693952929263,-5.202114881383311,5.327718206499859,9.860805920908174,-258.8148980699466,158.96126832918364,yes,?
CamKII_317_8_tTA_lacZ_Xgal_s205,28.714285714285715,405.06441852753215,340.49634085703525,284.98908145590644,-341.89871311623943,18.25863705520514,1.3249494760334284,-0.21135877223133562,8.019912036795663,-265.84522551411436,173.36438459696436,yes,?
CamKII_317_8_tTA_lacZ_Xgal_s209,28.142857142857142,409.6645048057848,330.03547105555015,286.32117000730085,-353.4894269884357,19.122916348772183,5.283015246857807,-2.9077667937706337,11.52541701630865,-271.84190994700947,181.64036226190942,yes,?
CamKII_317_8_tTA_lacZ_Xgal_s213,27.714285714285715,414.5201227562731,327.19069356171894,285.86911861444435,-356.69633805045174,18.943175801636237,5.7108849097051815,-3.3995678102429077,9.507313622335955,-271.7512001807671,185.58406172629495,yes,?
CamKII_317_8_tTA_lacZ_Xgal_s218,27.285714285714285,411.73902725441366,316.91171709474395,292.51937745905195,-364.5014702776316,19.77251257267594,-2.01887898093178,2.749892907951213,17.412679072843908,-277.57280616191616,191.4956870824961,yes,?
CamKII_317_8_tTA_lacZ_Xgal_s230,26.857142857142858,424.1371622030225,302.0874116058014,296.3936273479245,-376.1029265458918,19.622380350868784,5.837354310480846,-3.3163772271014573,16.474520583918938,-290.07755873313675,206.8641379268047,yes,?
CamKII_317_8_tTA_lacZ_Xgal_s235,26.428571428571427,418.71712696783635,298.5389402549036,305.3827638301222,-384.6719265478281,19.024663329970775,-12.482628811413608,10.50917567206287,15.852145417829224,-293.03131253406667,211.0226553711964,yes,?
CamKII_317_8_tTA_lacZ_Xgal_s242,26.0,407.82274321592496,290.3342880387318,328.9985401647339,-381.216637725771,21.57261253746614,-43.97654145157002,35.89583568572205,15.34715172344112,-301.59275343988287,218.20582983081457,yes,?
CamKII_317_8_tTA_lacZ_Xgal_s254,25.571428571428573,423.89575440962534,275.56637064483766,305.8054701992938,-394.74471685220846,23.426365364809488,-4.297997488391729,4.58111959525864,15.015701806104747,-291.60978703741813,232.21259576970525,yes,?
CamKII_317_8_tTA_lacZ_Xgal_s266,25.142857142857142,431.68501569933704,261.68102564816235,303.35897317191035,-404.94342350992747,23.688919752886655,1.6550999551082148,0.11660835014058486,14.46997104229875,-299.7462864234913,246.23952895424495,yes,?
CamKII_317_8_tTA_lacZ_Xgal_s277,24.571428571428573,432.7550983487166,251.62592588988963,306.0776367836126,-406.2584675228692,23.925935764245132,2.5726040544258075,-0.4159478920323475,14.733524855585244,-299.73024125356864,256.0443438001952,yes,?
CamKII_317_8_tTA_lacZ_Xgal_s285,24.428571428571427,434.7910984586143,245.6225265592548,307.16417604664946,-409.14434514245573,24.923005514056523,4.272724314987954,-1.6499291546282393,14.389400794725999,-306.4808373576022,261.72127028635396,yes,?
CamKII_317_8_tTA_lacZ_Xgal_s290,23.285714285714285,425.3038154843107,238.03297529006062,313.6705526557167,-402.79732147479723,23.066028810190254,-6.842520641758775,6.430206842176768,14.66297875447071,-301.75519315422076,270.1025209276089,yes,?
CamKII_317_8_tTA_lacZ_Xgal_s302,23.571428571428573,435.4137614625527,225.80663039788425,307.6375456541751,-407.70751176429064,20.68807561377853,8.372711587246176,-5.37691437918545,15.23863541698874,-304.86896165878426,283.23001408673207,yes,?
CamKII_317_8_tTA_lacZ_Xgal_s314,22.428571428571427,428.1482014688596,212.2631307136337,323.29136039090787,-412.1531251040349,22.80097843556672,-14.032985173616648,11.651645686212905,14.688434452424568,-316.5290762530535,295.9921628423707,yes,?
CamKII_317_8_tTA_lacZ_Xgal_s318,22.571428571428573,429.38270403617435,209.8421622435572,325.2678873112769,-415.41452099114457,22.774555523721002,-15.37803838653318,12.897982196890228,13.521795839028922,-321.4327127180692,299.00966207506787,yes,?
CamKII_317_8_tTA_lacZ_Xgal_s322,22.0,427.1692415877311,209.10678943507062,319.22403977017785,-407.7188788010814,21.66715287310665,-10.262060578820906,8.949195292775235,13.099388796068625,-316.806210583771,300.5099397303417,yes,?
CamKII_317_8_tTA_lacZ_Xgal_s325,22.142857142857142,429.9358235211154,206.34694946821148,316.6523313761948,-406.7868341325262,21.784359737144708,-3.7752774291711337,3.71405704840689,11.138309352371534,-310.64336031404406,304.1917159870304,yes,?
CamKII_317_8_tTA_lacZ_Xgal_s327,22.0,431.5279844301216,205.57918535310273,315.350836150092,-404.908150356823,22.268632001260976,2.395215695419032,-1.010892890759505,4.536228923528641,-311.1737219186099,308.01838418450245,yes,?
CamKII_317_8_tTA_lacZ_Xgal_s359,20.857142857142858,429.5496618822215,158.01933513049497,308.14446621838306,-409.45725746372176,22.384582266224136,-1.8598463515681622,1.9688022541615413,8.646064105596613,-260.59859674220587,353.4653416835946,yes,?
CamKII_317_8_tTA_lacZ_Xgal_s369,20.428571428571427,418.37905416753614,148.44391524032432,309.78778434479676,-398.0149428071157,23.666462395566963,-7.35280675420192,5.638464881150948,9.506784826626424,-265.62486763236336,361.969461148579,yes,?
CamKII_317_8_tTA_lacZ_Xgal_s375,20.0,420.6855329572033,142.6319561102946,308.3248617944327,-394.6912248322414,23.73060531276217,-5.9085385925511025,4.665549556843563,7.912540963456119,-262.5214322999671,368.54647075159625,yes,?
CamKII_317_8_tTA_lacZ_Xgal_s393,19.571428571428573,408.15473936179654,127.07182573913971,276.1332104536247,-377.9880472794106,21.972528309416152,4.930786642418972,-2.578317430144734,5.922481840661293,-257.1333873929152,385.98066918582157,yes,?
CamKII_317_8_tTA_lacZ_Xgal_s399,19.142857142857142,406.0978449629752,120.93322968734667,275.65644031030416,-371.6537404441824,21.938486662304076,4.953348433200168,-2.8324741495924775,5.989298828047162,-261.79124755057643,392.1028775674777,yes,?
CamKII_317_8_tTA_lacZ_Xgal_s413,18.714285714285715,378.32676553587146,104.78125002104876,277.67657270848025,-257.3830589311497,18.72964650762173,-2.662793128021666,3.8207783132152633,4.784290873348106,-253.88682141115092,410.4617812884663,yes,?
CamKII_317_8_tTA_lacZ_Xgal_s420,18.142857142857142,404.8345094917336,94.05598882453538,287.65785647872195,-301.23334016644185,21.476373792232064,-8.58097675469209,8.931183379383956,5.141710757146977,-269.3933980532843,419.6349689007751,yes,?
CamKII_317_8_tTA_lacZ_Xgal_s429,18.0,402.2742409650396,88.69894672702456,277.59803424077535,-313.27517440179827,21.279291402583077,0.7857722158866766,0.30180519693677105,5.6655324776153275,-260.96625157762753,424.8286413328762,yes,?
CamKII_317_8_tTA_lacZ_Xgal_s440,17.428571428571427,395.1579397138281,68.71421659834937,280.6785610612964,-337.07511847767256,25.864165885873877,8.61556636812318,-5.626522698754927,6.69325702246666,-259.36503253690785,442.00707194748037,yes,?
CamKII_317_8_tTA_lacZ_Xgal_s452,17.0,400.3964402905117,58.98239453926256,285.9261213983436,-339.111428483811,21.895124469631366,17.40606440958812,-13.395659036367922,7.0099140358149805,-269.8154686616783,453.5650862080143,yes,?
CamKII_317_8_tTA_lacZ_Xgal_s465,16.285714285714285,402.2740219735347,46.262732024880606,278.1566432604915,-335.52526001783724,21.719334373471234,12.620716731726393,-8.982016119513332,9.62044011832232,-261.42367981959336,465.06738072922263,yes,?
CamKII_317_8_tTA_lacZ_Xgal_s476,15.857142857142858,411.1801353438095,38.171888289936355,280.0210821472096,-329.8078142680294,22.17279605008783,10.415872505824975,-7.7739465743278435,8.880774146136053,-262.8651023089809,473.30132661195177,yes,?
CamKII_317_8_tTA_lacZ_Xgal_s488,15.857142857142858,374.1238029735151,33.67113746061894,283.13817016321246,-288.1791239158498,18.79412748713668,8.62536710933414,-7.941376727992463,9.399588935920448,-273.07605417233316,479.23200432785245,yes,?
CamKII_317_8_tTA_lacZ_Xgal_s500,15.714285714285714,371.06456034065894,29.446004013926547,274.89999778399925,-285.1107245931043,18.392390498510526,5.808123914172573,-4.61967916261954,11.022151642348145,-256.73233275450576,482.84672491564413,yes,?
CamKII_317_8_tTA_lacZ_Xgal_s513,14.857142857142858,367.45089013487416,17.036788155070436,279.5395918211958,-267.2880889978084,16.650831798706545,5.021773536565429,-4.482884434626101,10.85205017616111,-260.5621908277638,496.2117708574957,yes,?
CamKII_317_8_tTA_lacZ_Xgal_s524,14.142857142857142,338.9762406575374,10.252669217397615,256.6352691967356,-239.19181159076325,14.980148012445698,5.043698088947784,-4.674709216934714,10.224574178735638,-239.00850633826585,504.1449696870117,yes,?
CamKII_317_8_tTA_lacZ_Xgal_s537,13.714285714285714,365.67856488902186,3.5139304299717944,243.65230533011749,-249.1234898188825,14.425547548907776,2.002483236213883,-2.672547960134953,11.542128412874865,-227.57882527053223,510.5022315891369,yes,?
CamKII_317_8_tTA_lacZ_Xgal_s549,13.571428571428571,335.7869653559109,0.98899174613624,197.4513394592489,-208.4207247075788,14.381123879296629,7.60018995691982,-6.4217868979495085,10.130125933131854,-180.44995456666942,513.7553833476495,yes,?
CamKII_317_8_tTA_lacZ_Xgal_s573,13.714285714285714,334.8796664431312,-9.958633045434784,155.08340613982529,-211.70823076847506,16.11536747754605,7.383463033904964,-3.86763248420801,8.49181591042257,-126.51260446677341,524.6550413514504,yes,?
761_3165_4806_tg2576_m287_4G8_s003,42.142857142857146,369.0097555335014,405.9733798589097,273.71342107966706,-270.51079434948184,7.650453933468417,9.368982146846308,-7.539288521385458,28.52793245501038,-221.78630694368948,102.93742694685083,yes,?
761_3165_4806_tg2576_m287_4G8_s007,41.57142857142857,371.6148952924902,395.4352569693371,280.0522213059472,-277.55509712765416,8.293011983163126,0.1933367551794975,0.6764921448672278,35.473067644235925,-224.12222542849176,109.68170321696336,yes,?
761_3165_4806_tg2576_m287_4G8_s011,41.42857142857143,368.7657038295564,391.6634140937996,281.42694980522435,-278.5773063013897,8.497463336406936,-2.3723037953115926,2.8762820430525755,38.808199947246855,-231.8845593965444,111.68375426437352,yes,?
761_3165_4806_tg2576_m287_4G8_s015,40.857142857142854,382.0924802050983,386.32298672921195,281.21496815888383,-301.76289251633773,8.23699645519998,3.5033106924165947,-1.8824354619055157,38.582755809342146,-241.2491831566108,117.26713713851703,yes,?
761_3165_4806_tg2576_m287_4G8_s019,40.285714285714285,379.2260171896529,379.1206241326212,284.9556522485038,-295.0022432413389,8.887475419162438,3.9515738061621164,-2.308425814067886,40.233441873125194,-243.00890780186367,123.318917221235,yes,?
761_3165_4806_tg2576_m287_4G8_s023,40.0,382.75418476325916,373.40488007957447,287.09952258140174,-307.28176332406525,10.919783676492093,-0.40075196828557375,1.682899148205357,43.02011103595415,-264.7792411121939,126.62517256420243,yes,?
761_3165_4806_tg2576_m287_4G8_s027,39.714285714285715,393.9479016644613,366.72465847770803,291.50801572240306,-324.54261243870917,8.878525094243384,7.172089412401509,-4.7769782144569035,44.494163307745616,-261.2300973308848,133.58899732129746,yes,?
761_3165_4806_tg2576_m287_4G8_s031,39.0,398.96778027467184,362.89049908052795,293.9703809092961,-335.5573611646404,9.51543200533853,5.683877489491327,-3.1571406298795637,43.574598998118425,-261.3007230932183,137.56448541774358,yes,?
761_3165_4806_tg2576_m287_4G8_s035,38.857142857142854,395.615104078081,357.7732678484505,290.27955963997994,-339.24268949762353,11.66006885331272,1.4836429637236148,0.3625174277395575,43.556213330074016,-269.18665199860425,141.6185910598561,yes,?
761_3165_4806_tg2576_m287_4G8_s039,38.142857142857146,394.827955750602,358.15472732589564,290.9972747161316,-336.73169370752265,12.696023028227444,1.444024435879003,0.5967040083684844,44.33909572858407,-257.6850357759421,140.32771329569863,yes,?
761_3165_4806_tg2576_m287_4G8_s043,37.42857142857143,403.32415798738367,344.34257691326235,303.13829985043424,-340.3307382737609,13.200129123581437,-5.922632543439818,6.399131921687236,45.39469273060087,-275.2090890900109,153.36001215964652,yes,?
761_3165_4806_tg2576_m287_4G8_s047,36.285714285714285,409.1149333308176,336.83370314429555,294.7269918067623,-354.23593803736003,11.554200503429968,2.1579778262393625,-0.32544684735576573,47.715908044247946,-280.16058895220715,160.53124258186548,yes,?
761_3165_4806_tg2576_m287_4G8_s051,37.0,414.8997469510319,331.48509935734984,305.4111538050807,-371.3573962240415,10.718923412487657,-0.06180809273048128,2.209426388389789,45.86184141259338,-280.57071599330635,167.22451823010968,yes,?
761_3165_4806_tg2576_m287_4G8_s055,37.142857142857146,411.1613059030747,330.67821333696793,296.51751858786264,-362.94877275847676,9.407026189363007,-0.13656651471709275,2.055113102066392,46.56903526965363,-273.9924372900005,168.3337559335238,yes,?
761_3165_4806_tg2576_m287_4G8_s059,36.285714285714285,413.3078706140256,324.6292583512116,306.1704984866581,-366.4605150664375,9.681219103330347,-6.9152523888296855,7.389267239979055,50.15781067396609,-283.4620576165358,172.45122676014026,yes,?
761_3165_4806_tg2576_m287_4G8_s063,36.0,417.5069349595338,318.9285501872333,303.04963201594467,-373.30301486308934,12.481980581092623,0.5108563661113895,2.1833799994144556,52.782830061504,-290.5624009776829,175.43904449146834,yes,?
761_3165_4806_tg2576_m287_4G8_s067,35.42857142857143,414.5148263897091,315.1758020502206,296.2897282371342,-368.3290263089505,11.470464450131876,4.32959420778831,-1.1083052733693048,52.23923020617796,-290.52405853950876,179.96935062162447,yes,?
761_3165_4806_tg2576_m287_4G8_s071,35.142857142857146,425.9493823154649,309.16538221634147,302.3259838499901,-370.78938099659894,12.833128321746349,4.571504435318177,-1.0988175063481063,52.692421043068045,-301.8577051008868,185.07184310125135,yes,?
761_3165_4806_tg2576_m287_4G8_s075,33.714285714285715,434.7858324549621,306.94736560782,302.6024354703267,-386.3921620783876,14.282676389807145,3.3644651563568817,-0.3898910441260049,44.772890913264426,-299.3157585672988,190.52485074064413,yes,?
761_3165_4806_tg2576_m287_4G8_s079,34.285714285714285,435.09452277720345,301.8008049429886,301.10869397181125,-398.8852988659873,13.671151887425342,2.381844593148279,0.3846949376764753,47.40651432574217,-296.184315189125,194.66036195042767,yes,?
761_3165_4806_tg2576_m287_4G8_s083,33.714285714285715,423.8028819836063,298.41442597165394,307.8009877232538,-385.7436844270649,12.617479116253865,-2.6114029206582114,4.035106851079653,47.552059982999076,-310.54015066156774,198.50080447871957,yes,?
761_3165_4806_tg2576_m287_4G8_s087,33.0,433.7746446235123,293.3363170803021,302.3746132856458,-403.2703629758949,14.340894793225216,-3.5682317946447433,4.634807476603271,46.33742680907377,-305.16384207257425,203.32452211854843,yes,?
761_3165_4806_tg2576_m287_4G8_s091,32.285714285714285,439.7161777665786,287.3993264069795,306.64446134008256,-415.5314877057964,14.360665813408998,-0.3190896306336334,2.0582116712443264,46.41047085847074,-311.85365957563806,209.21510525708058,yes,?
761_3165_4806_tg2576_m287_4G8_s095,32.714285714285715,439.72037214435346,285.0288430118653,300.8839899411978,-416.9953740608201,15.030241210763203,1.1740853473895234,0.44784023058619077,40.567055924215914,-303.35866237537454,214.1725084206451,yes,?
761_3165_4806_tg2576_m287_4G8_s099,31.571428571428573,440.73160388148284,281.61550877364857,306.0633567128622,-416.1514069296427,16.127495163647154,4.254485350151616,-1.732776759129706,41.504638384355566,-311.45468505553725,216.56842445235006,yes,?
761_3165_4806_tg2576_m287_4G8_s103,31.428571428571427,447.2052124133642,276.9018037762051,309.61842821280976,-427.32165279967245,22.430935928278522,0.2426262388223918,2.0166001787671513,37.97535162812259,-315.2964445167134,219.89505244559433,yes,?
761_3165_4806_tg2576_m287_4G8_s107,30.428571428571427,435.48312446329913,268.61701672917053,323.2320948156293,-417.66794873080306,18.12932110915517,-6.746239133317845,7.0927818111101715,37.99716877176621,-331.1077058761878,230.31973833036878,yes,?
761_3165_4806_tg2576_m287_4G8_s111,31.571428571428573,441.8235561164056,262.33457759418343,315.42814770921456,-424.0441113499193,14.619895742478182,0.3816053649229697,0.8649226758729956,35.026212335441656,-327.35967288562404,239.84236836685662,yes,?
761_3165_4806_tg2576_m287_4G8_s115,30.714285714285715,453.4136230926971,255.0372790511501,311.59343414956896,-426.5234765525175,13.853115075798042,1.4978372486997225,0.2856393097435687,42.992585027713325,-317.15497601553176,243.5398708970942,yes,?
761_3165_4806_tg2576_m287_4G8_s119,29.571428571428573,440.25709292958373,247.7913867664699,323.69525132629076,-429.1625998844402,15.069331736203363,-5.636752679139785,5.934679248454074,43.923577737596354,-332.0397420661798,249.71215849663025,yes,?
761_3165_4806_tg2576_m287_4G8_s123,29.285714285714285,451.0436541448368,240.45412877705897,323.8261346310611,-436.4260794896235,13.958730109921333,1.0961412974551519,0.4582586165846903,48.10683488352901,-328.8701521509546,255.5130887262158,yes,?
761_3165_4806_tg2576_m287_4G8_s127,28.571428571428573,442.65294162212325,233.79617713756267,322.8892136408459,-437.7230425877927,16.54441651365523,-4.83810733870517,5.343095932655777,46.78412649881691,-328.7231225996029,261.5395513562013,yes,?
761_3165_4806_tg2576_m287_4G8_s131,28.714285714285715,448.6913869053812,233.12148009866476,318.7161495865351,-438.28273842109644,17.477996182657613,-7.894932333834317,7.505467897523009,39.181713656384886,-323.87864802344495,265.548664981814,yes,?
761_3165_4806_tg2576_m287_4G8_s135,27.714285714285715,455.30847192652493,226.01645938190202,328.04251127054476,-450.70724680625017,18.090437010157757,-3.3324501807065543,4.198952126787154,41.28045184066537,-328.1021204405614,271.2980961926864,yes,?
761_3165_4806_tg2576_m287_4G8_s139,27.857142857142858,447.2969750433678,219.81766365396584,327.65675785148096,-440.86813654431455,15.19942250127096,-9.811007828316122,9.056282116530204,42.12552421006631,-345.48256726296455,278.51986299036554,yes,?
761_3165_4806_tg2576_m287_4G8_s143,26.857142857142858,459.8476326218489,213.50157750970013,324.8700193443685,-468.0621643527948,18.00797228678278,-8.091152541895465,7.349907850230896,40.0654861406914,-331.4441125162883,284.4616932765628,yes,?
761_3165_4806_tg2576_m287_4G8_s147,26.285714285714285,458.6429329669949,207.8512265805218,330.39972984219514,-448.57726221709237,19.42182019120076,-9.167243941377015,9.069950700144618,40.87452555412209,-347.8881741800065,289.00060054681677,yes,?
761_3165_4806_tg2576_m287_4G8_s151,26.714285714285715,452.0446541741753,208.38334744718614,333.03966741225616,-448.7451121898357,16.464728367025426,-12.340570916073327,10.936395948626275,36.39000273102188,-345.12767472980653,292.1892870037902,yes,?
761_3165_4806_tg2576_m287_4G8_s155,26.142857142857142,455.10507036794394,204.55469415087074,325.6230377023859,-449.59653799600403,15.490243737237579,-3.683708310869917,4.057485374267328,35.087447695908544,-335.3253816630622,297.1564601325562,yes,?
761_3165_4806_tg2576_m287_4G8_s159,25.285714285714285,456.05527802798855,194.84479051868738,331.22329726037975,-449.8833787335877,16.634163327137767,-4.376014946954164,4.791606493633935,41.01413553092396,-341.9593142270833,303.33106005228177,yes,?
761_3165_4806_tg2576_m287_4G8_s163,24.428571428571427,454.36035621291273,189.9700840346727,323.92839479056283,-454.0087263417073,21.202986757730823,-5.586035945341142,5.991757206461768,37.17092943218537,-330.59446580630373,307.84295787036916,yes,?
761_3165_4806_tg2576_m287_4G8_s167,25.142857142857142,448.1417062100872,186.6128205810294,328.28182397853533,-449.37605907157683,17.264910936892537,-13.107831141790532,11.017432839964581,35.20462340143067,-327.5911376223354,314.152412249809,yes,?
761_3165_4806_tg2576_m287_4G8_s171,24.285714285714285,458.9570381440498,181.48592956185286,318.2216486858362,-449.0202467616304,16.794257725811185,6.357069865481029,-3.4596750175455946,35.576210373242326,-330.65408916576854,319.3288363886204,yes,?
761_3165_4806_tg2576_m287_4G8_s175,23.857142857142858,454.92241313735775,173.52586368417533,319.54341174143957,-449.10002005468317,17.07259422080778,-2.0484335552095234,2.729774481188867,33.89866708522782,-305.6779343675958,327.98850566280686,yes,?
761_3165_4806_tg2576_m287_4G8_s179,23.285714285714285,451.09841089557415,167.27015381498924,317.11332684970023,-445.64974631677086,18.43446496443391,-3.4401566257388936,3.9627938223689836,39.75902589606694,-309.5609581035447,330.6331007547603,yes,?
761_3165_4806_tg2576_m287_4G8_s183,22.857142857142858,447.7817431281383,163.62185316388823,318.1411796363076,-443.8049135140748,19.231959574764083,-1.8339607066404986,2.5615176779387037,33.12410632687667,-306.12587783809926,337.2001138852914,yes,?
761_3165_4806_tg2576_m287_4G8_s187,22.285714285714285,445.4031909220833,156.03833299046278,314.5043133538757,-442.9399374684571,18.686491786109105,-5.554902749625479,5.531336673213032,41.59437807865913,-311.1976612408071,340.8212320771531,yes,?
761_3165_4806_tg2576_m287_4G8_s191,21.714285714285715,434.6612186657095,153.3687991811913,323.54676864477506,-427.62953218342165,15.033421870126963,-15.494733815921945,13.045985759172757,44.74706117565631,-315.51365806785606,343.74095929591704,yes,?
761_3165_4806_tg2576_m287_4G8_s195,22.0,444.81808544121037,148.78600508648736,319.10683331309457,-446.95997173884996,17.338697204968884,-8.244388162266782,6.883989340603331,39.04312711816992,-304.47743607851817,350.0230827519432,yes,?
761_3165_4806_tg2576_m287_4G8_s199,21.0,446.26316142827733,142.7226973931995,320.7884562684427,-439.97852526455273,16.42691255860793,-9.966924615130933,8.225189248137522,40.5131549923916,-320.4936257024539,355.80726883130075,yes,?
761_3165_4806_tg2576_m287_4G8_s203,20.571428571428573,444.15712952575944,139.01525299812855,311.3683291171377,-442.69932102396496,17.388231511287717,-9.591589904835368,7.737021419795318,38.84091433047693,-302.7192825305964,359.87017408098916,yes,?
761_3165_4806_tg2576_m287_4G8_s207,20.571428571428573,457.08898542652844,136.0905088375719,307.78038094574407,-447.6742286382343,13.551483046677022,1.6964189365108544,-0.550039964240755,36.46453831922934,-304.68945859554304,365.90148047947497,yes,?
761_3165_4806_tg2576_m287_4G8_s211,19.714285714285715,449.7376681324796,130.24774129213034,317.3853170259122,-436.2297916407031,14.423075896823036,4.604597861293567,-2.4815494526844355,38.18645693629973,-327.2714992320985,370.44749229130827,yes,?
761_3165_4806_tg2576_m287_4G8_s215,19.285714285714285,456.22079531522604,122.75789908267394,298.9686709200938,-442.7613618556498,14.175841877294532,6.844583619778973,-3.2959716489234063,43.009651114509225,-296.54656404124387,375.64935442142416,yes,?
761_3165_4806_tg2576_m287_4G8_s219,19.142857142857142,445.37421162437835,117.308602243402,296.5794639315974,-443.7947135310618,12.82704116927634,-0.6329829623286319,2.203589345100243,48.4225505115055,-291.39891018586076,379.0666019162071,yes,?
761_3165_4806_tg2576_m287_4G8_s223,18.428571428571427,445.9379646481716,116.06209993127736,289.4783672002466,-429.1026508215696,13.980288614460761,3.0164528870412903,-0.2280125889242218,41.377928872662906,-283.408800092292,383.2587913251608,yes,?
761_3165_4806_tg2576_m287_4G8_s227,18.0,431.42508462289294,112.8411290512133,296.89408517677487,-413.8843539845173,14.666623985886051,1.3827554277022176,0.6250874645240206,38.33898598390774,-283.1821541933292,387.65606596388983,yes,?
761_3165_4806_tg2576_m287_4G8_s231,18.142857142857142,440.6429074446669,108.08101782822955,287.4598673454745,-414.84819827395046,12.434790286845768,6.274609401092407,-2.5524263286592452,40.75211009310235,-271.8519254343186,392.32553198179636,yes,?
761_3165_4806_tg2576_m287_4G8_s235,17.285714285714285,441.4414669541908,102.2817809823849,280.9934466520486,-414.9768309374862,13.891183543988035,11.090617987248809,-5.803209795716173,36.74737136048401,-269.8780625437936,399.39894156537906,yes,?
761_3165_4806_tg2576_m287_4G8_s239,16.857142857142858,435.1422771609346,89.86615181960174,291.23967521034723,-412.28764769672347,23.657376106651075,8.82975225583857,-4.065726714874797,34.01595408290511,-290.1034357466223,408.29718308562013,yes,?
0033_71661823,0.0,385.2851581908066,22.825907098230513,269.6672914412845,-322.82406916342853,6.65006396752415,2.305467282795876,-1.4471251035693382,-0.2432827434958753,-269.5465681864525,500.97070228975537,yes,?
0041_71661825,1.1428571428571428,394.9833729648841,29.38765848152304,274.38559133701574,-337.5752771658036,8.280155708475048,3.7270895162648765,-2.455309314967946,0.24773298718282483,-286.9946748116378,493.34839717064807,yes,?
0045_71662429,1.8571428571428572,401.5200709667974,32.18799727713069,283.81492978768557,-326.8663922694568,9.51559240278223,4.063003213154851,-2.7663832846757423,1.094974885498191,-281.97478113327367,489.5067190787291,yes,?
0049_71661827,3.0,381.3082347830256,35.94280699641869,278.0702666754435,-328.5210093681991,7.935778006820773,1.554661115597916,-0.8975670798157742,2.973770215717381,-285.24533148342437,485.6024188923122,yes,?
0057_71661829,4.0,410.47933621845266,45.09432034244697,284.2430079713967,-368.39213482337396,7.799228011124617,-1.315366268516722,1.4120702622271,0.830569065525096,-291.8892708874431,477.5907811192282,yes,?
0061_71662433,5.0,411.6076236145749,49.303400268868195,303.4526809455498,-371.71479143150566,7.8477302734123215,-2.579445015294693,2.3801266056328814,1.361675782219372,-291.0851629532134,473.09189670331597,yes,?
0065_71661833,6.0,413.0563546928488,54.20993702935453,293.89116557831596,-371.9287231364868,7.561414052680135,2.7600661027130564,-1.9328518954711256,0.5049843930767527,-307.5398481331634,468.75686374776706,yes,?
0073_71661835,7.142857142857143,400.13168982057965,61.39044556265942,301.45170662264815,-372.26085107705177,8.79649882007657,-1.6501721985861277,1.767741615514345,2.339496470840003,-310.03570960591077,460.0415567918823,yes,?
0081_71661837,7.857142857142857,406.74476922003447,67.35503669419425,297.555653930017,-384.65879163584617,9.417119907159503,-3.5940621549076632,3.1088232759721888,3.1450903194096105,-299.77318323799363,453.36385819252115,yes,?
0085_71662441,9.0,406.14481779200156,71.54567873070643,293.57611277494203,-369.7688985018981,9.06800337189072,-0.6939800091799625,0.938794656587236,4.054116880027593,-295.758963935444,448.89326114333437,yes,?
0093_71662443,10.0,407.652587517331,81.45626900583275,291.05822930672645,-389.38259566226606,7.872309534569687,-4.217082530800594,3.1392642575181475,4.363100213274835,-286.2203614164128,439.42602612024496,yes,?
0097_71661843,11.0,412.5094675632814,84.89211258999714,307.5751648378619,-400.05260253884234,7.251099928769581,-5.503572758089961,4.142161940056708,4.405813978928189,-304.19278435741205,436.279430456154,yes,?
0105_71661845,12.0,409.5500632006045,91.29183359516158,305.889421822707,-393.12310966191427,7.798903412797673,-5.917512232415414,4.509471039404161,4.523733744631307,-297.41769010024007,429.54684782612395,yes,?
0113_71661847,13.0,409.32372135834356,100.30330765244678,282.681561615818,-366.1685942496823,7.8345795319783145,-5.028631964722146,3.8692547928159633,2.985670374800859,-278.6697816180866,421.2865673941636,yes,?
0121_71661849,14.0,381.74040020442163,107.60243292189747,282.0765557531327,-317.30817741481286,7.22401656201208,-0.9134684827544756,0.75694182989929,4.880047301714815,-261.052687452621,413.34553514623906,yes,?
0133_71662457,15.142857142857142,406.3003549268442,114.78992814396335,303.2470108965275,-381.8161138578013,10.057844887381387,-4.097447883313181,3.3500980704149255,5.036690833274242,-298.5193570866204,404.6628039957089,yes,?
0141_71662459,15.857142857142858,415.567353037392,119.96326320846643,316.94867755678445,-401.39591303031114,15.709735154505495,-11.400094169869746,8.583021285021232,6.926011426159527,-294.2184700300497,395.71886350120104,yes,?
0149_71662461,17.142857142857142,426.69917785576274,129.12111323396408,315.3764599287102,-414.5734013066901,15.988728447532251,-8.825860157489403,6.713519604916168,6.682028958598096,-306.38383733804255,386.5435080629708,yes,?
0157_71662463,17.857142857142858,437.2661121102352,135.29337365059632,324.17614142831053,-413.04330033652565,15.7746490603306,-6.851789117763035,5.398347638513338,7.978222755135286,-309.4106619253797,379.8301904416707,yes,?
0165_71662467,19.0,445.54218570662863,146.8096586070794,330.72178304065017,-438.71545418126806,16.449753895538205,-4.353566902624046,3.291681991436137,6.591161368081457,-298.51142243843555,368.6698837611108,yes,?
0173_71662469,20.0,448.32774663654806,152.44596981528397,317.8961264828826,-445.1307509519908,16.793525585727984,-1.8993954842790117,1.5566995171137623,7.464005821902695,-292.1835181486965,362.4252644809007,yes,?
0181_71662471,21.0,449.3405769318022,159.11535229720943,330.414753373483,-447.49056411594063,16.734833769959597,1.454175319906312,-0.6664406945451528,6.009803033876693,-291.95981245092764,356.5123293008724,yes,?
0189_71662473,22.0,455.0712258411955,171.66697499497351,329.38250397581993,-437.1956061995196,14.524315924720465,5.6943763057518755,-3.412008579435946,1.0706887841603654,-306.0798783374179,347.5355226505861,yes,?
0197_71662477,23.0,459.27233968698175,177.6599406682821,326.3218221438945,-455.7685001210405,14.942763684683756,10.064684939966712,-6.426075188984108,1.148589714852402,-309.0170601702012,341.2943826319498,yes,?
0205_71662479,24.0,460.64856612401775,186.99545717215184,327.1283479840539,-457.0430079878623,13.66147947425508,12.544537160248021,-8.32163518791704,1.2976173283934795,-313.9825161288544,332.52499442652385,yes,?
0209_71661877,25.0,459.0905387612799,192.1903626918709,328.1014107578086,-458.68795056505996,14.947567084116457,9.062946500348223,-5.814026203258542,0.8692521908737133,-317.9366300383098,326.901227670634,yes,?
0213_71662481,26.0,458.43293597812124,196.6096037156619,323.76853478060127,-463.098171265139,14.991231515602083,3.001482183680683,-1.5125014223380535,1.1035492882904603,-294.0500997725036,322.3430058823918,yes,?
0221_71662483,27.0,464.81207685308226,204.23725440830134,307.2680186088878,-457.9806017641205,13.473300747530917,20.85285194943312,-13.067856468087095,2.2487595669193263,-292.1604091531544,314.9017154344735,yes,?
0229_71662487,28.0,456.7343896067901,214.68456538795186,321.4045176943495,-460.0358839431114,16.179659978357304,-6.221603056141158,4.24985868008514,2.0853208952885445,-291.0153048876676,303.1829441752252,yes,?
0237_71662489,29.0,449.4726075437523,221.12090808855783,337.65454729378814,-441.0204252809153,14.009125390673185,-9.565846483210423,7.481492456179191,2.9214323501876995,-330.8027244196202,297.4138130410117,yes,?
0245_71662491,30.0,451.2928756656926,228.64483436660586,322.736827287691,-453.2400065139483,14.233135849411806,-9.789397174696237,7.133724625761967,3.16470155980515,-319.9213735415479,289.65624692878566,yes,?
0253_71662493,31.0,458.281566642695,235.79130545725857,321.1934447031138,-462.555066144217,14.299204150370107,-5.424492740888776,3.9735303071154737,3.7039004618496563,-321.11664445448156,282.20714223663157,yes,?
0265_71661895,32.0,449.5496884261642,248.31602744879442,329.48958543857026,-432.8124274948471,12.18790053740823,-2.445904790820066,1.9123396148214706,4.3160438206447065,-328.65166145786225,270.4320003721791,yes,?
0269_71662499,33.142857142857146,456.338942152756,254.205844405214,320.7095498132291,-446.7054556907754,11.009339006632562,11.288194321792341,-7.853604205016446,4.4186756075226254,-316.3783154848032,265.08014828770837,yes,?
0277_71662501,33.857142857142854,447.11974793922036,261.9474397369143,332.25957087784457,-443.26445673565007,8.370998951949803,-0.9828285094857928,0.9694971719581937,4.626905329080358,-318.51008824021204,258.5536081225706,yes,?
0285_71662503,35.0,446.86932688566503,268.976593622743,326.7114712789358,-421.9722134682428,8.758556600480306,-5.298921035627529,4.2575905944765555,5.115247400548859,-318.868574807185,251.08650437674243,yes,?
0289_71661903,36.142857142857146,443.1855836157097,274.42557972672137,325.9837285952127,-439.02522978876476,9.444655498862435,-7.810971645415601,5.771610211605223,5.2565977417808325,-310.324846098921,245.22379365295703,yes,?
0297_71661905,37.0,442.35700304057394,282.5280259548771,327.88946518995306,-425.0597479473699,9.63531561047999,-4.508392528579691,3.6650890082699124,5.809201650240611,-322.66140811507483,236.74971541476265,yes,?
0305_71661907,37.857142857142854,443.58450978032494,294.732728927199,317.44293979461725,-432.80440279820226,7.52589871256935,-0.029927161111702967,-0.1878768407754998,-7.072807423564844,-315.7570680513435,232.0407254282988,yes,?
0317_71662513,39.142857142857146,436.6919389805068,305.12560897393917,302.5736773826674,-425.0221983870416,10.417598590152872,-10.473064780420202,7.246475120400215,-4.116976446348401,-287.8858340133146,218.72407995415855,yes,?
0325_71662517,40.285714285714285,419.1584898438017,314.4121911741527,318.40301128313615,-402.5166898942339,10.538226998085943,-7.064455772263703,5.954565335684898,-3.0694539109673227,-315.5422462189969,208.85342228228797,yes,?
0329_71661915,40.714285714285715,415.12395509897794,316.4520590749989,304.86698586799304,-384.42234506309325,10.540051313406357,-6.923618737142566,5.898189658252363,-1.1562136555501914,-307.7241107951831,205.85602209607305,yes,?
0337_71661917,41.857142857142854,431.7418065199042,323.2417273539641,298.55224592383723,-407.25392080498233,9.373941065303727,-4.305450948132099,3.3718320041505274,2.627558293678427,-292.40372805846647,197.75752296654485,yes,?
0345_71661919,43.0,417.51614373896416,330.45163175676635,307.679525436569,-385.64994876600093,9.857091177749025,-4.28058230464496,3.712883441613972,5.873009143869906,-298.93180940911896,188.6833180824242,yes,?
0349_71662523,44.0,426.4424612308114,333.2923212303813,303.4766756485945,-390.8120039507293,10.883195295055218,-0.4369898731193547,0.6830639351285542,6.2630734638278955,-296.05346095132234,185.13454439017715,yes,?
0357_71662527,45.0,424.71311649650954,339.1482380185732,304.8118196959887,-380.50288616796337,11.075044587200725,3.5541028744483714,-2.4841098997491633,7.739298699430557,-308.1300706404544,178.44459033811117,yes,?
0361_71661925,46.0,419.21891216360325,342.3356107498307,308.4447872793507,-382.00274684340627,11.632251188650637,-9.567591158684511,7.80923385006039,7.713028671932242,-295.5961077197755,174.99174931987787,yes,?
0369_71661927,47.142857142857146,413.29005014754875,351.3352805408962,304.91535155408775,-365.0891150446816,12.012078824274527,-2.2529687111441894,2.258251561418636,8.95328091225038,-294.6923616200702,165.18203959084136,yes,?
0373_71662531,47.857142857142854,411.8054782383015,352.4321900647809,309.8365103108934,-368.9402063820027,13.00709931532242,-14.349060559766713,12.149372963192864,9.71570995287459,-299.54655783107245,163.20640530112064,yes,?
0381_71662533,49.0,407.0507389404238,359.35133674950055,303.5920468414897,-360.81035232711264,12.846909173751499,-9.458816858224443,8.285988919552576,11.166433559714903,-291.53389168219945,155.64199188376628,yes,?
0385_71661933,50.0,405.635637602461,362.4423397128275,289.0989852127619,-357.08981631746343,11.380048522475859,-11.781300154369953,9.188466996691139,14.362600036520064,-257.4171399784201,151.68633600767456,yes,?
0397_71662539,51.0,394.98229902480085,376.05452087857714,278.1181504867919,-320.568716822849,11.82353347586074,-3.275751305071578,3.4330506862154215,15.399556635059794,-245.8140453369055,137.33393406596255,yes,?
0405_71662541,52.0,388.49942382681667,384.6522650502749,295.59393129487114,-321.7726929857121,11.45720380919505,-3.2282793253243733,3.0082051823877203,10.320995960721948,-239.367979722226,131.4586350647666,yes,?
0409_71661939,53.0,384.85767358962306,390.8244143779165,288.60360709771163,-306.22999696722036,10.161578929623488,-5.784440936520306,5.189710865849496,10.825195135705737,-245.99008306543087,125.68219858941885,yes,?
0425_71661945,54.285714285714285,364.9486948126566,409.5875413143006,279.3506666456594,-275.04556235151733,6.805341649643204,-0.18008063445855013,0.40760826816577783,11.969047746579317,-235.06991050269218,108.02526398758816,yes,?
0433_71661947,54.714285714285715,369.4328730912098,412.611903042834,275.266167853959,-277.7355792219518,8.461578152413356,1.7902322232378898,-0.9588270837481981,13.451788713910664,-232.82969360769974,103.43141352400399,yes,?
0445_71662553,56.0,353.67574495047063,433.0034587496616,266.65082146615003,-238.66374799886108,5.004583135563864,3.659350077792778,-3.0927742979436386,13.164539074580643,-226.16826796775425,84.91198014526617,yes,?
0465_71661957,57.0,331.3460076920429,454.89575780993664,233.9041141933562,-201.69596828531857,6.562161925243832,0.34132364985604063,0.13028568404384291,11.78434472858111,-191.8076767683581,62.93098886315088,yes,?
641_2002_2565_NM01_s002_10x_M,28.571428571428573,474.82699375313774,452.72285143316213,326.3481504118349,-493.766878991176,-6.022123851983297,-2.1691085272100117,1.299394641515976,4.257945281569083,-367.0448608388778,75.15923785204498,yes,?
641_2002_2565_NM01_s007_10x_M,28.142857142857142,492.30932477386966,439.3960731246643,325.98507461388994,-499.6375518752034,-6.4033551212300335,-4.926789717300429,3.753093455469671,4.261852505389689,-364.15556486442347,88.67467818325588,yes,?
641_2002_2565_NM01_s012_10x_M,27.714285714285715,465.50393303165856,426.76547758663634,347.05520274394564,-496.52462109285085,-3.774932566779788,-33.70362580448623,24.634427590576763,3.068427276878245,-359.11717022247814,100.58777505831442,yes,?
641_2002_2565_NM01_s017_10x_M,27.285714285714285,494.32536391165803,414.6121837635506,338.27601074868943,-503.34061474525646,-4.395213218647647,7.718154031490282,-5.774975695815856,5.744233620640988,-375.15881292982624,111.71330603545269,yes,?
641_2002_2565_NM01_s022_10x_M,26.857142857142858,486.27190152725416,405.78084954116486,317.837702247949,-499.2114314466931,-5.952888843824675,0.33807299698435117,-0.3982837183975952,6.257981201245774,-371.9102713505907,121.06660428012465,yes,?
641_2002_2565_NM01_s027_10x_M,26.428571428571427,471.2053946460299,394.6170005389598,319.98598979525053,-490.5188713755504,-5.282213696017258,2.458380419150647,-1.9079260136333087,6.760225856452743,-375.31098126442913,131.64399338082245,yes,?
641_2002_2565_NM01_s032_10x_M,26.0,470.42945734699884,383.9718932500105,334.0753050098104,-482.1709200272407,-3.432025741462886,-9.222350011003982,6.855480331811472,7.120930970529506,-370.6228022820228,141.18365413545615,yes,?
641_2002_2565_NM01_s037_10x_M,25.571428571428573,462.1212912251035,373.0982192032543,328.3339105528407,-476.19765664043246,-2.71580792181505,-5.590598503260204,4.129174741304236,7.653503877653146,-365.8104134304626,151.43293281882663,yes,?
641_2002_2565_NM01_s042_10x_M,25.142857142857142,468.8480923882097,362.62567190780607,332.5572204976878,-472.12977140899187,-3.1436666844657886,-3.7661427091662913,2.7958060972338865,5.907733012361518,-364.8204568875964,162.99229492824603,yes,?
641_2002_2565_NM01_s047_10x_M,24.571428571428573,480.4675524784231,349.59161263202753,328.31286515395294,-475.85085022412756,-4.097226318530326,19.121422768954265,-15.064182641628301,10.347519520840438,-368.427302401046,174.28324076681744,yes,?
641_2002_2565_NM01_s052_10x_M,24.428571428571427,477.798925432218,341.9103142066302,296.4945682867736,-475.87903094906727,-6.205761761409276,40.39213999524339,-31.23464036261634,6.340352601033203,-365.68639227928315,185.0223903735579,yes,?
641_2002_2565_NM01_s057_10x_M,23.714285714285715,486.906468744668,327.0848532919805,309.03705283596236,-479.3140246041644,-5.354357367188429,18.033147415485196,-14.218955338289918,10.618301682941867,-370.15839180888,197.2831745501428,yes,?
641_2002_2565_NM01_s062_10x_M,23.571428571428573,470.9936289384959,318.0890149999186,322.5195966526853,-481.02684966469894,-3.703026645192275,-9.647463213972612,7.40825078459637,7.3070323011753056,-373.93154298607567,207.10898217208987,yes,?
641_2002_2565_NM01_s067_10x_M,23.0,477.57550538693897,308.37500188652604,334.619995392518,-480.8642221848204,-6.119035850128488,-7.28787448633124,5.55066227688986,7.677526215886189,-374.2053503379856,217.84575293059515,yes,?
641_2002_2565_NM01_s072_10x_M,22.571428571428573,479.2313222770786,295.72182752104214,326.15135480511395,-475.53073277501164,-7.511622805977806,6.330577064740908,-5.194007387241633,9.393840131827565,-373.3405638080604,230.33706381603298,yes,?
641_2002_2565_NM01_s077_10x_M,22.142857142857142,466.83978495995046,283.58287671508793,341.2993777706887,-472.78258335134797,-5.930462672672003,-12.662542041568356,9.966106831911329,9.128773155085266,-375.7036410131185,241.81796804370543,yes,?
641_2002_2565_NM01_s082_10x_M,21.714285714285715,466.3099153239683,273.647915981923,333.7337674360859,-472.1390733136668,-4.83571787945399,-7.30992734115912,5.578444219421954,9.552402456906878,-371.8333110100025,250.99374172935055,yes,?
641_2002_2565_NM01_s087_10x_M,21.285714285714285,464.7704308933712,261.9528212397355,335.72745659862096,-471.930188940406,-6.149103956292813,0.039904516168227086,-0.2243397318986728,9.715790920776076,-364.08484476854835,263.26383527802284,yes,?
641_2002_2565_NM01_s092_10x_M,20.857142857142858,467.9400847218849,251.23305988859096,330.9182562289494,-471.046542119231,-6.291974706092783,9.191290392038566,-7.386381619896464,10.140879735015448,-367.6487311417774,273.8424875969477,yes,?
641_2002_2565_NM01_s097_10x_M,20.428571428571427,477.0962484485388,241.05833611481333,331.55318453891493,-477.65879972157006,-4.942402642138944,13.615935260030492,-10.941544120463343,8.71381301781452,-374.99165475390026,284.0559586973489,yes,?
641_2002_2565_NM01_s102_10x_M,20.0,476.14371130380306,229.96623456200965,330.01397074993463,-476.9942104541709,-6.485522787282158,13.914845020258278,-11.177064135709982,11.51028124145384,-374.1080684984533,294.5213862109045,yes,?
641_2002_2565_NM01_s107_10x_M,19.571428571428573,483.4394681125172,219.10508730571289,318.6105855880269,-478.4636286024398,-3.894422289562304,14.432152518656737,-11.310647620855677,10.554028674336248,-367.44880092777083,304.56510950190017,yes,?
641_2002_2565_NM01_s112_10x_M,19.142857142857142,477.17048905548876,207.51842484019176,330.48078121095125,-474.57102514504425,-5.234136723330964,8.7788889014009,-6.983265501669207,10.72536747237161,-362.89603055422566,316.7359597852879,yes,?
641_2002_2565_NM01_s117_10x_M,18.571428571428573,397.85718669803134,193.35703800296292,322.4854907901509,-341.0267104866183,-5.766386210684402,7.71317279597764,-1.8966322553979627,20.060916442752767,-369.41820354743516,326.4956968810029,yes,?
641_2002_2565_NM01_s122_10x_M,18.428571428571427,464.508320242628,179.73205201278012,338.229447142283,-476.8250247898033,-0.14964360484108827,1.5506268074472263,-1.2299416050511727,9.692052714746287,-367.7522112746355,342.49674343226724,yes,?
641_2002_2565_NM01_s127_10x_M,17.857142857142858,477.71475458039447,170.60681445579783,337.12225498274944,-474.6200620498872,-0.3188294827119475,0.23479048268705224,-0.22623432366454413,8.598686844535113,-364.00698726925003,352.2532568632906,yes,?
641_2002_2565_NM01_s132_10x_M,17.428571428571427,469.9935297030305,160.65946285649792,331.54895511402043,-471.66216446670927,-1.089863510736588,12.29557337878533,-9.526253299983253,9.735002348133573,-362.87053852338977,362.01796772480355,yes,?
641_2002_2565_NM01_s137_10x_M,17.0,465.416309728362,148.8957519828436,331.82383378972526,-470.47224720690485,-0.5896718438611563,2.196979023097145,-1.7737112472038103,11.60790161809309,-361.6036632932325,372.59513313004044,yes,?
641_2002_2565_NM01_s142_10x_M,16.571428571428573,466.76553156166875,140.30279388587786,326.3413861146776,-467.0475791010314,-2.1322391157438574,0.061080710423482794,-0.04232802567036385,9.775658958070961,-357.26337972567717,382.87549619295856,yes,?
641_2002_2565_NM01_s147_10x_M,16.142857142857142,463.7491143358465,130.7851106610718,313.2099025023601,-468.7378256624771,-1.653758920390404,7.743573140618399,-5.781873405005326,12.693128743688487,-356.773351934916,390.6952044272792,yes,?
641_2002_2565_NM01_s152_10x_M,15.714285714285714,466.0405507314271,119.76431870071431,303.1383851966343,-466.62502187605884,-0.7161355513857617,5.351854110683389,-4.066462146699597,12.528518532795578,-359.7757895648652,401.3294898085807,yes,?
641_2002_2565_NM01_s157_10x_M,15.285714285714286,471.4351726154535,109.06467802215727,330.9133766257056,-465.1851681056428,-0.9189686717595821,-0.4369133498350462,0.3528929079763624,10.321886126636127,-360.9925594647351,413.23386325040445,yes,?
641_2002_2565_NM01_s162_10x_M,14.857142857142858,470.4274443868641,98.10565579041092,323.7833331617957,-464.0940648179993,0.003280693768796234,7.183733920828558,-5.593879084053283,14.665601067142182,-362.6880868540303,421.5599033291336,yes,?
641_2002_2565_NM01_s167_10x_M,14.285714285714286,452.8961279687499,86.82918064854982,308.2638951001043,-455.474789688397,0.7935986807554798,4.206890908964998,-3.2767419744875985,15.786893793386378,-358.8853154693159,431.8805731143793,yes,?
641_2002_2565_NM01_s172_10x_M,14.142857142857142,454.89219130224353,77.16829954996047,308.6122742666689,-457.4053654718212,0.613048064406578,5.971285341177455,-4.670822707824121,11.768694328913204,-362.18327851271545,443.64082925337965,yes,?
641_2002_2565_NM01_s177_10x_M,13.571428571428571,454.8728666258556,65.49150700959096,311.17114166267635,-450.0543830129559,0.6389922129574634,3.5368856946956675,-2.7329540690702823,14.192277756388494,-361.37561340694083,454.09285800573605,yes,?
641_2002_2565_NM01_s182_10x_M,13.142857142857142,457.1711404303638,52.92006386381512,305.683441148096,-451.63412623238236,0.04779743710782875,9.25171608845413,-7.302250003161695,14.852267692064698,-358.84574361997977,466.6299035715986,yes,?
641_2002_2565_NM01_s187_10x_M,12.571428571428571,459.98052939523103,41.26379146536272,303.7620242943031,-450.47753654799544,0.4919556799692373,6.504409619627121,-5.046563085294322,14.403778495018685,-358.96647542516587,478.28834144714335,yes,?
641_2002_2565_NM01_s192_10x_M,12.428571428571429,466.89614582245156,32.24494618725208,284.4579009205953,-450.9257674077367,0.3239176830610648,10.38921226319692,-7.977262975979833,14.920874295306545,-347.6929293641476,487.1326578235641,yes,?
641_2002_2565_NM01_s197_10x_M,11.857142857142858,464.63550791827436,20.19198649431894,306.04747766379916,-453.42715791038336,0.6294609457528664,6.84781091705221,-5.14783392468319,14.881507235311144,-351.38087712542637,499.052529415149,yes,?
641_2002_2565_NM01_s202_10x_M,11.428571428571429,469.657964370627,9.864666647545178,304.6965906213719,-456.5982549838116,0.8579509132284342,8.680573115839065,-6.882829186153133,14.817562681730001,-357.651314270094,509.2975765549756,yes,?
6517_Pitx3_tTA_lacZ_Xgal_s002,21.857142857142858,337.81915058543893,496.7465262991101,262.34745762528985,-239.54077203518472,-10.1380750699344,-13.00748988979901,13.191594324055886,-11.15970731495697,-232.592172782304,40.902364893335566,yes,?
6517_Pitx3_tTA_lacZ_Xgal_s005,21.857142857142858,339.22255728727174,488.07513368702695,250.83360819248566,-233.2321904256383,-11.196730827218598,-14.241110374950994,12.056399235271288,-9.6008005315623,-206.76838778259437,49.32363199236353,yes,?
6517_Pitx3_tTA_lacZ_Xgal_s008,21.428571428571427,326.1740559875775,477.66631400871586,255.88048369990955,-214.3212781903637,-8.87903449635847,-12.156787109213683,11.796819728791393,-9.958318311679736,-211.11238666470672,58.75236239530325,yes,?
6517_Pitx3_tTA_lacZ_Xgal_s026,20.857142857142858,369.7698581961231,412.1637557303922,275.7388411408926,-297.1733886677284,-10.409839816759652,6.168089393991262,-4.745214213689435,-14.170044361993332,-243.61989315329296,127.12618635898424,yes,?
6517_Pitx3_tTA_lacZ_Xgal_s029,20.428571428571427,375.5353481349199,401.40965607297045,286.88114254291264,-331.56633441410975,-10.766315502209864,6.0756127507602855,-4.517540558258166,-13.137570120475573,-262.0293844855444,137.54228673837224,yes,?
6517_Pitx3_tTA_lacZ_Xgal_s032,20.0,379.5736036318459,386.06112784704555,294.6810838914476,-342.6119203009248,-10.403333060110096,-6.137579154203722,5.235630183473282,-12.051398246617996,-278.006976636966,152.16623780631852,yes,?
6517_Pitx3_tTA_lacZ_Xgal_s035,19.571428571428573,399.8142368738345,371.28620791779616,339.6245121646016,-365.2047604247285,-9.17642254986516,14.061733315471738,-14.683992630477908,-13.921626974977812,-388.7823579582009,167.26281684462535,yes,?
6517_Pitx3_tTA_lacZ_Xgal_s038,19.142857142857142,418.47089819925856,356.19835520528204,331.5617745452017,-393.4485150050032,-7.18166111081542,16.01951948502173,-14.954732827669911,-15.534875817533036,-369.48781749274724,182.15991325889217,yes,?
6517_Pitx3_tTA_lacZ_Xgal_s041,18.714285714285715,431.1344694256501,343.3409226707382,334.58605643930593,-397.7592595732873,-7.299660771396589,22.660348847543325,-21.883823396915115,-16.352163112151594,-388.3072301487964,195.48498927103586,yes,?
6517_Pitx3_tTA_lacZ_Xgal_s044,18.285714285714285,428.43423198024766,331.3590860375052,334.3013541604706,-421.7272096160442,-10.088211666821094,8.761314312328668,-7.475721440891879,-15.819131850876504,-373.4482242035048,208.59458572134355,yes,?
6517_Pitx3_tTA_lacZ_Xgal_s047,17.857142857142858,428.6176282289404,317.8208875408499,346.3535679654414,-415.5705148619174,-11.405804666619522,7.166315267938306,-6.158876722987137,-16.197076902799388,-386.96290832340463,222.98055324385956,yes,?
6517_Pitx3_tTA_lacZ_Xgal_s050,17.428571428571427,440.7565928979867,307.2869994909732,335.9152354149597,-425.71597080614396,-12.08056467656419,16.511310503465893,-13.726105392891773,-18.013205505162002,-366.81506016996974,234.75988559988994,yes,?
6517_Pitx3_tTA_lacZ_Xgal_s053,17.0,450.1112221060729,297.312495587613,340.11944350611424,-437.432202973776,-10.157585457005123,10.521284876307991,-8.55475762802793,-18.814269337416135,-369.8359007922526,244.17343180959762,yes,?
6517_Pitx3_tTA_lacZ_Xgal_s056,16.571428571428573,440.4238409397412,291.1742688808528,347.7962271633068,-433.88876045443914,-12.540606129770977,4.188709390048189,-3.1260112091169794,-19.314296999624066,-376.2383416383453,251.7531826838447,yes,?
6517_Pitx3_tTA_lacZ_Xgal_s059,16.142857142857142,440.13472296272823,284.6933340904584,331.95570098164086,-430.9393783823716,-10.854500106426412,5.879908158947346,-4.789165465953829,-20.166518409433447,-382.240707414535,257.8171751674716,yes,?
6517_Pitx3_tTA_lacZ_Xgal_s068,15.714285714285714,449.8037655699108,264.6943892073876,345.6745255724808,-450.8744095664817,-2.009333618536967,5.6575383696826,-4.704778152256592,-25.020627517755894,-376.4616460193898,275.8205913607589,yes,?
6517_Pitx3_tTA_lacZ_Xgal_s071,15.285714285714286,446.7118100758006,255.13579368796414,348.9452070848957,-434.31450774014917,-2.455822834921821,14.198032136666589,-12.255368721983505,-25.939661655443988,-380.1258326446347,286.0619485572188,yes,?
6517_Pitx3_tTA_lacZ_Xgal_s074,14.857142857142858,446.6689388601598,244.48120050839188,355.74014282659954,-441.6447394931457,-5.724030224000721,1.9095365372730024,-1.3029500825660503,-25.456413891322857,-371.8463708224426,298.1090215492699,yes,?
6517_Pitx3_tTA_lacZ_Xgal_s077,14.428571428571429,427.2323286244033,230.0876808491708,373.01492321060476,-452.63943262667834,-1.769884610044455,-30.651493409712664,25.071974857630803,-24.739488410685375,-366.5894128452923,310.16700566119414,yes,?
6517_Pitx3_tTA_lacZ_Xgal_s080,14.0,433.6394619475128,219.8843758802453,380.7038257444473,-453.371330948199,-1.0285187548418995,-19.586033674838696,16.877292937073523,-24.152495293077738,-386.47101762906465,319.7061311437145,yes,?
6517_Pitx3_tTA_lacZ_Xgal_s083,13.571428571428571,443.7244256934546,205.0487178058566,366.47829719839064,-451.84742670451527,-0.6976977662995613,-13.78015304750942,11.559332606157016,-22.47118466491226,-371.18833079813834,333.53572340974927,yes,?
6517_Pitx3_tTA_lacZ_Xgal_s086,13.142857142857142,457.2044125253833,190.68863199345236,373.4385130084376,-472.3494038899242,0.8792764593482535,-14.830373273304547,11.327627347824318,-22.04640886848271,-361.5800504921589,346.8949342111149,yes,?
6517_Pitx3_tTA_lacZ_Xgal_s089,12.714285714285714,443.08072693178894,173.3947493811739,367.7291977489725,-470.6479961862378,2.398288019667693,-19.332859076838208,15.2250214864694,-20.488202588790234,-372.9881346215413,362.6502079033873,yes,?
6517_Pitx3_tTA_lacZ_Xgal_s092,12.285714285714286,458.6331061522581,155.6466572064108,361.79207433911137,-461.8093333136241,3.369572761657472,14.713264345221262,-12.252482318463128,-20.338948084115156,-380.8293781685687,379.83803045481807,yes,?
6517_Pitx3_tTA_lacZ_Xgal_s095,11.857142857142858,442.70992549308767,143.82457915861934,356.4006351829141,-437.4497640867141,4.228011427189492,2.0325298842136346,-1.8985578717302474,-19.609100932911794,-376.31629637661166,390.8659655942418,yes,?
6517_Pitx3_tTA_lacZ_Xgal_s098,11.428571428571429,433.7382426054309,132.23006846196543,357.56832147360757,-426.1070965309021,0.5187725909083208,3.03309431765991,-2.400092131153339,-18.48943633826834,-361.8600082230217,403.75526341171457,yes,?
6517_Pitx3_tTA_lacZ_Xgal_s101,11.0,432.46984765041367,121.54469096114018,346.1844777934302,-424.45672129748715,0.3362309721623889,0.5742237711045524,-0.371349072291472,-18.244486432873376,-367.66068998636564,414.40943676921535,yes,?
6517_Pitx3_tTA_lacZ_Xgal_s104,10.571428571428571,438.61065398908323,105.2414414236845,333.5828091721619,-411.64913365331904,-0.5708830875635095,6.053676345608104,-5.427264451812968,-18.300472768710126,-373.23574469076647,431.1942365044523,yes,?
6517_Pitx3_tTA_lacZ_Xgal_s107,10.142857142857142,441.99208734520954,94.69051419600191,322.48533632443,-411.8979709565743,1.2731486989977623,22.88947630311776,-21.142070366976075,-15.378338868660013,-376.1652526723427,439.3620808888292,yes,?
6517_Pitx3_tTA_lacZ_Xgal_s110,9.714285714285714,440.42065335499217,80.73808542689292,331.1925025880816,-414.0687567329539,2.574337705472875,7.377002252970442,-6.754615678343741,-18.48113261248664,-366.3015859715014,454.21531202661396,yes,?
6517_Pitx3_tTA_lacZ_Xgal_s113,9.285714285714286,413.67436399015475,70.62418925154935,344.0743559051183,-371.22750573017794,0.9320219225008637,1.1887806268419794,-1.1877805304178455,-19.973885317242978,-369.7605201870483,465.89674244582176,yes,?
6517_Pitx3_tTA_lacZ_Xgal_s116,8.857142857142858,412.62503501195215,53.48033904185966,348.06141847038754,-365.92519249276455,4.08403787976475,6.90391780136168,-7.0736397695459585,-18.9326139076691,-367.9326234165569,480.9439489720925,yes,?
